"group","count","avg_spent_per_user"
"A","24343","0.03366000000000000000"
"B","24600","0.03380000000000000000"