"gender","average_spent"
"","71.6469234219359540"
"O","82.5174008592953296"
"M","71.3524298238086288"
"F","76.20031882159656507"