"country","group","avg_spent"
"USA","A","79.4805310172217719"
"USA","B","66.1945558711551305"
"BRA","A","80.4320146441352569"
"BRA","B","73.16007803274842834"
"MEX","B","69.3540006289483663"
"MEX","A","89.9503282241713332"
"TUR","A","88.4968740036337928"
"GBR","B","108.3873870937662562"
"DEU","A","96.7391300606339141"
"DEU","B","54.9515624968954399"