"country","group","avg_spent"
"USA","A","79.4805310172217719"
"USA","B","66.1945558711551305"
"BRA","A","80.4320146441352569"
"BRA","B","73.16007803274842834"
"MEX","B","69.3540006289483663"