"group","count","count","conversion_rate"
"A","24343","955","3.9230990428459927"
"B","24600","1139","4.6300813008130081"